{
  "solver": "smoothed_aggregation",
  "grid_size": [
    50,
    100
  ],
  "vmap_k": 64,
  "time_pyamg": [
    0.44436295799096115,
    1.2072667500178795
  ],
  "time_pyamg_pcg": [
    0.21883758399053477,
    0.5447120839962736
  ],
  "time_amjax": [
    0.5189648329978809,
    2.734248958004173
  ],
  "time_amjax_pcg": [
    0.210863790998701,
    0.9545329169777688
  ],
  "time_amjax_vmap": [
    0.09456299999146722,
    0.5198819159995764
  ],
  "time_amjax_pcg_vmap": [
    0.04170112501014955,
    0.20600458400440402
  ],
  "res_pyamg": [
    7.837479609347638e-11,
    8.541706125719017e-11
  ],
  "res_pyamg_pcg": [
    6.038067684104343e-11,
    8.538707090387773e-11
  ],
  "res_amjax": [
    7.987535232617398e-11,
    8.929477317986868e-11
  ],
  "res_amjax_pcg": [
    3.200986694784151e-11,
    5.5585112860161235e-11
  ],
  "res_amjax_vmap": [
    7.987535232617397e-11,
    8.929477317986868e-11
  ],
  "res_amjax_pcg_vmap": [
    3.200986694784151e-11,
    5.5585112860161235e-11
  ],
  "res_amjax_f32": [
    1.9755909306695685e-05,
    6.709056469844654e-05
  ],
  "res_amjax_pcg_f32": [
    3.594849840737879e-05,
    0.00014618088607676327
  ]
}