{
  "solver": "smoothed_aggregation",
  "grid_size": [
    50,
    100
  ],
  "vmap_k": 64,
  "time_pyamg": [
    0.45014004097902216,
    1.1568081250006799
  ],
  "time_amjax": [
    0.5197760830051266,
    2.6995262920099776
  ],
  "time_amjax_vmap": [
    0.09153795801103115,
    0.5206090830033645
  ],
  "res_pyamg": [
    7.837479609347638e-11,
    8.541706125719017e-11
  ],
  "res_amjax": [
    7.987535232617398e-11,
    8.929477317986868e-11
  ],
  "res_amjax_vmap": [
    7.987535232617397e-11,
    8.929477317986868e-11
  ],
  "res_amjax_f32": [
    1.9755909306695685e-05,
    6.709056469844654e-05
  ]
}